,Supplier_Lead_Time,Inventory_Levels,Order_Frequency,Delivery_Performance,Cost_Per_Unit
Supplier_Lead_Time,1.0,0.2971864282064857,-0.8614759194377087,-0.9033941190242858,0.9488103912110938
Inventory_Levels,0.2971864282064857,1.0,-0.27209481932537954,-0.3377143802273883,0.2815182594663782
Order_Frequency,-0.8614759194377087,-0.27209481932537954,1.0,0.7781192089694092,-0.8092456677521083
Delivery_Performance,-0.9033941190242858,-0.3377143802273883,0.7781192089694092,1.0,-0.9007677389578796
Cost_Per_Unit,0.9488103912110938,0.2815182594663782,-0.8092456677521083,-0.9007677389578796,1.0
